song_ids,song_names,song_artists,danceability,energy,key,loudness,mode,speechiness,acousticness,instrumentalness,liveness,valence,tempo,type,uri,track_href,analysis_url,duration_ms,time_signature
4xhsWYTOGcal8zt0J161CU,Lovin On Me,Jack Harlow,0.943,0.558,2.0,-4.911,1.0,0.0568,0.0026,2.19e-06,0.0937,0.606,104.983,audio_features,spotify:track:4xhsWYTOGcal8zt0J161CU,https://api.spotify.com/v1/tracks/4xhsWYTOGcal8zt0J161CU,https://api.spotify.com/v1/audio-analysis/4xhsWYTOGcal8zt0J161CU,138411.0,4.0
1BxfuPKGuaTgP7aM0Bbdwr,Cruel Summer,Taylor Swift,0.552,0.702,9.0,-5.707,1.0,0.157,0.117,2.06e-05,0.105,0.564,169.994,audio_features,spotify:track:1BxfuPKGuaTgP7aM0Bbdwr,https://api.spotify.com/v1/tracks/1BxfuPKGuaTgP7aM0Bbdwr,https://api.spotify.com/v1/audio-analysis/1BxfuPKGuaTgP7aM0Bbdwr,178427.0,4.0
3rUGC1vUpkDG9CZFHMur1t,greedy,Tate McRae,0.75,0.733,6.0,-3.18,0.0,0.0319,0.256,0.0,0.114,0.844,111.018,audio_features,spotify:track:3rUGC1vUpkDG9CZFHMur1t,https://api.spotify.com/v1/tracks/3rUGC1vUpkDG9CZFHMur1t,https://api.spotify.com/v1/audio-analysis/3rUGC1vUpkDG9CZFHMur1t,131872.0,1.0
2IGMVunIBsBLtEQyoI1Mu7,Paint The Town Red,Doja Cat,0.868,0.538,5.0,-8.603,1.0,0.174,0.269,3.34e-06,0.0901,0.732,99.968,audio_features,spotify:track:2IGMVunIBsBLtEQyoI1Mu7,https://api.spotify.com/v1/tracks/2IGMVunIBsBLtEQyoI1Mu7,https://api.spotify.com/v1/audio-analysis/2IGMVunIBsBLtEQyoI1Mu7,231750.0,4.0
4KULAymBBJcPRpk1yO4dOG,I Remember Everything (feat. Kacey Musgraves),Zach Bryan,0.429,0.453,0.0,-7.746,1.0,0.0459,0.554,2e-06,0.102,0.155,77.639,audio_features,spotify:track:4KULAymBBJcPRpk1yO4dOG,https://api.spotify.com/v1/tracks/4KULAymBBJcPRpk1yO4dOG,https://api.spotify.com/v1/audio-analysis/4KULAymBBJcPRpk1yO4dOG,227196.0,4.0
4iZ4pt7kvcaH6Yo8UoZ4s2,Snooze,SZA,0.559,0.551,5.0,-7.231,1.0,0.132,0.141,0.0,0.11,0.392,143.008,audio_features,spotify:track:4iZ4pt7kvcaH6Yo8UoZ4s2,https://api.spotify.com/v1/tracks/4iZ4pt7kvcaH6Yo8UoZ4s2,https://api.spotify.com/v1/audio-analysis/4iZ4pt7kvcaH6Yo8UoZ4s2,201800.0,4.0
5aIVCx5tnk0ntmdiinnYvw,Water,Tyla,0.673,0.722,3.0,-3.495,0.0,0.0755,0.0856,0.0,0.137,0.519,117.187,audio_features,spotify:track:5aIVCx5tnk0ntmdiinnYvw,https://api.spotify.com/v1/tracks/5aIVCx5tnk0ntmdiinnYvw,https://api.spotify.com/v1/audio-analysis/5aIVCx5tnk0ntmdiinnYvw,200256.0,4.0
59uQI0PADDKeE6UZDTJEe8,Last Night,Morgan Wallen,0.517,0.675,6.0,-5.382,1.0,0.0357,0.459,0.0,0.151,0.518,203.853,audio_features,spotify:track:59uQI0PADDKeE6UZDTJEe8,https://api.spotify.com/v1/tracks/59uQI0PADDKeE6UZDTJEe8,https://api.spotify.com/v1/audio-analysis/59uQI0PADDKeE6UZDTJEe8,163855.0,4.0
1Lo0QY9cvc8sUB2vnIOxDT,Fast Car,Luke Combs,0.712,0.603,8.0,-5.52,1.0,0.0262,0.186,0.0,0.115,0.67,97.994,audio_features,spotify:track:1Lo0QY9cvc8sUB2vnIOxDT,https://api.spotify.com/v1/tracks/1Lo0QY9cvc8sUB2vnIOxDT,https://api.spotify.com/v1/audio-analysis/1Lo0QY9cvc8sUB2vnIOxDT,265493.0,4.0
7dJYggqjKo71KI9sLzqCs8,Agora Hills,Doja Cat,0.75,0.674,8.0,-6.128,0.0,0.097,0.228,8.91e-05,0.122,0.392,123.026,audio_features,spotify:track:7dJYggqjKo71KI9sLzqCs8,https://api.spotify.com/v1/tracks/7dJYggqjKo71KI9sLzqCs8,https://api.spotify.com/v1/audio-analysis/7dJYggqjKo71KI9sLzqCs8,265360.0,4.0
0PAcdVzhPO4gq1Iym9ESnK,Thinkin’ Bout Me,Morgan Wallen,0.656,0.757,3.0,-5.775,0.0,0.0308,0.492,0.0,0.117,0.429,139.971,audio_features,spotify:track:0PAcdVzhPO4gq1Iym9ESnK,https://api.spotify.com/v1/tracks/0PAcdVzhPO4gq1Iym9ESnK,https://api.spotify.com/v1/audio-analysis/0PAcdVzhPO4gq1Iym9ESnK,177388.0,4.0
6usohdchdzW9oML7VC4Uhk,Lose Control,Teddy Swims,0.561,0.604,9.0,-4.409,1.0,0.0337,0.199,1.9e-05,0.104,0.242,159.92,audio_features,spotify:track:6usohdchdzW9oML7VC4Uhk,https://api.spotify.com/v1/tracks/6usohdchdzW9oML7VC4Uhk,https://api.spotify.com/v1/audio-analysis/6usohdchdzW9oML7VC4Uhk,210689.0,3.0
1Iq8oo9XkmmvCQiGOfORiz,Is It Over Now? (Taylor's Version) (From The Vault),Taylor Swift,0.596,0.658,0.0,-7.346,1.0,0.036,0.0504,0.0,0.127,0.176,100.012,audio_features,spotify:track:1Iq8oo9XkmmvCQiGOfORiz,https://api.spotify.com/v1/tracks/1Iq8oo9XkmmvCQiGOfORiz,https://api.spotify.com/v1/audio-analysis/1Iq8oo9XkmmvCQiGOfORiz,229478.0,4.0
0cVyQfDyRnMJ0V3rjjdlU3,Lil Boo Thang,Paul Russell,0.85,0.699,0.0,-3.292,1.0,0.0776,0.152,0.0,0.32,0.915,114.481,audio_features,spotify:track:0cVyQfDyRnMJ0V3rjjdlU3,https://api.spotify.com/v1/tracks/0cVyQfDyRnMJ0V3rjjdlU3,https://api.spotify.com/v1/audio-analysis/0cVyQfDyRnMJ0V3rjjdlU3,114234.0,4.0
7DSAEUvxU8FajXtRloy8M0,Flowers,Miley Cyrus,0.706,0.691,0.0,-4.775,1.0,0.0633,0.0584,6.99e-05,0.0232,0.632,118.048,audio_features,spotify:track:7DSAEUvxU8FajXtRloy8M0,https://api.spotify.com/v1/tracks/7DSAEUvxU8FajXtRloy8M0,https://api.spotify.com/v1/audio-analysis/7DSAEUvxU8FajXtRloy8M0,200600.0,4.0
1yeB8MUNeLo9Ek1UEpsyz6,Rich Baby Daddy (feat. Sexyy Red & SZA),Drake,0.645,0.729,2.0,-4.56,1.0,0.0528,0.0377,0.0,0.384,0.142,146.01,audio_features,spotify:track:1yeB8MUNeLo9Ek1UEpsyz6,https://api.spotify.com/v1/tracks/1yeB8MUNeLo9Ek1UEpsyz6,https://api.spotify.com/v1/audio-analysis/1yeB8MUNeLo9Ek1UEpsyz6,319192.0,4.0
1a73gcEg6h6Re6hHXoVltJ,FTCU,Nicki Minaj,0.928,0.458,11.0,-6.751,1.0,0.187,0.0175,0.000446,0.118,0.242,144.995,audio_features,spotify:track:1a73gcEg6h6Re6hHXoVltJ,https://api.spotify.com/v1/tracks/1a73gcEg6h6Re6hHXoVltJ,https://api.spotify.com/v1/audio-analysis/1a73gcEg6h6Re6hHXoVltJ,172138.0,4.0
7MSWxMumjz6lHj7oRApNbg,White Horse,Chris Stapleton,0.353,0.77,1.0,-11.066,0.0,0.0493,0.0016,0.598,0.109,0.224,145.225,audio_features,spotify:track:7MSWxMumjz6lHj7oRApNbg,https://api.spotify.com/v1/tracks/7MSWxMumjz6lHj7oRApNbg,https://api.spotify.com/v1/audio-analysis/7MSWxMumjz6lHj7oRApNbg,267893.0,4.0
0mflMxspEfB0VbI1kyLiAv,Stick Season,Noah Kahan,0.662,0.488,9.0,-6.894,1.0,0.0682,0.782,0.0,0.102,0.817,117.913,audio_features,spotify:track:0mflMxspEfB0VbI1kyLiAv,https://api.spotify.com/v1/tracks/0mflMxspEfB0VbI1kyLiAv,https://api.spotify.com/v1/audio-analysis/0mflMxspEfB0VbI1kyLiAv,182347.0,4.0
6wf7Yu7cxBSPrRlWeSeK0Q,"What Was I Made For? [From The Motion Picture ""Barbie""]",Billie Eilish,0.444,0.0911,0.0,-17.665,1.0,0.0307,0.959,1.05e-06,0.098,0.142,78.403,audio_features,spotify:track:6wf7Yu7cxBSPrRlWeSeK0Q,https://api.spotify.com/v1/tracks/6wf7Yu7cxBSPrRlWeSeK0Q,https://api.spotify.com/v1/audio-analysis/6wf7Yu7cxBSPrRlWeSeK0Q,222370.0,4.0
1kuGVB7EU95pJObxwvfwKS,vampire,Olivia Rodrigo,0.511,0.532,5.0,-5.745,1.0,0.0578,0.177,0.0,0.291,0.35,138.005,audio_features,spotify:track:1kuGVB7EU95pJObxwvfwKS,https://api.spotify.com/v1/tracks/1kuGVB7EU95pJObxwvfwKS,https://api.spotify.com/v1/audio-analysis/1kuGVB7EU95pJObxwvfwKS,219724.0,4.0
07on0OB2cdPt79IFsgdRUy,Need A Favor,Jelly Roll,0.502,0.771,6.0,-4.246,1.0,0.032,0.0123,1.82e-05,0.0801,0.557,157.978,audio_features,spotify:track:07on0OB2cdPt79IFsgdRUy,https://api.spotify.com/v1/tracks/07on0OB2cdPt79IFsgdRUy,https://api.spotify.com/v1/audio-analysis/07on0OB2cdPt79IFsgdRUy,197400.0,4.0
11C4y2Yz1XbHmaQwO06s9f,Dance The Night,Dua Lipa,0.671,0.845,11.0,-4.93,0.0,0.048,0.0207,0.0,0.329,0.775,110.056,audio_features,spotify:track:11C4y2Yz1XbHmaQwO06s9f,https://api.spotify.com/v1/tracks/11C4y2Yz1XbHmaQwO06s9f,https://api.spotify.com/v1/audio-analysis/11C4y2Yz1XbHmaQwO06s9f,176579.0,4.0
4rXLjWdF2ZZpXCVTfWcshS,fukumean,Gunna,0.847,0.622,1.0,-6.747,0.0,0.0903,0.119,0.0,0.285,0.22,130.001,audio_features,spotify:track:4rXLjWdF2ZZpXCVTfWcshS,https://api.spotify.com/v1/tracks/4rXLjWdF2ZZpXCVTfWcshS,https://api.spotify.com/v1/audio-analysis/4rXLjWdF2ZZpXCVTfWcshS,125040.0,4.0
5ya0TmUQw2wHMkq36rPsnd,World on Fire,Nate Smith,0.461,0.887,11.0,-4.871,0.0,0.0429,0.000219,0.0,0.104,0.411,95.964,audio_features,spotify:track:5ya0TmUQw2wHMkq36rPsnd,https://api.spotify.com/v1/tracks/5ya0TmUQw2wHMkq36rPsnd,https://api.spotify.com/v1/audio-analysis/5ya0TmUQw2wHMkq36rPsnd,189987.0,4.0
4OMJGnvZfDvsePyCwRGO7X,Houdini,Dua Lipa,0.744,0.789,9.0,-4.876,0.0,0.059,0.0036,0.00144,0.0947,0.866,116.985,audio_features,spotify:track:4OMJGnvZfDvsePyCwRGO7X,https://api.spotify.com/v1/tracks/4OMJGnvZfDvsePyCwRGO7X,https://api.spotify.com/v1/audio-analysis/4OMJGnvZfDvsePyCwRGO7X,185918.0,4.0
4RvWPyQ5RL0ao9LPZeSouE,Everybody Wants To Rule The World,Tears For Fears,0.645,0.795,7.0,-12.095,1.0,0.0527,0.347,0.00389,0.104,0.535,112.067,audio_features,spotify:track:4RvWPyQ5RL0ao9LPZeSouE,https://api.spotify.com/v1/tracks/4RvWPyQ5RL0ao9LPZeSouE,https://api.spotify.com/v1/audio-analysis/4RvWPyQ5RL0ao9LPZeSouE,251489.0,4.0
1rnYNAJPAb586NhetosdNW,Save Me,Jelly Roll,0.677,0.404,0.0,-9.552,1.0,0.027,0.653,0.0,0.249,0.355,83.087,audio_features,spotify:track:1rnYNAJPAb586NhetosdNW,https://api.spotify.com/v1/tracks/1rnYNAJPAb586NhetosdNW,https://api.spotify.com/v1/audio-analysis/1rnYNAJPAb586NhetosdNW,240723.0,3.0
7aqfrAY2p9BUSiupwk3svU,First Person Shooter (feat. J. Cole),Drake,0.47,0.64,2.0,-7.779,1.0,0.32,0.0277,0.0,0.382,0.248,163.92,audio_features,spotify:track:7aqfrAY2p9BUSiupwk3svU,https://api.spotify.com/v1/tracks/7aqfrAY2p9BUSiupwk3svU,https://api.spotify.com/v1/audio-analysis/7aqfrAY2p9BUSiupwk3svU,247444.0,4.0
41WQUSINanQHfhfKpFDsms,Used To Be Young,Miley Cyrus,0.451,0.632,4.0,-3.843,1.0,0.0475,0.6,0.0,0.139,0.455,147.06,audio_features,spotify:track:41WQUSINanQHfhfKpFDsms,https://api.spotify.com/v1/tracks/41WQUSINanQHfhfKpFDsms,https://api.spotify.com/v1/audio-analysis/41WQUSINanQHfhfKpFDsms,190461.0,4.0
3OHfY25tqY28d16oZczHc8,Kill Bill,SZA,0.644,0.728,8.0,-5.75,1.0,0.0351,0.0543,0.169,0.161,0.43,88.993,audio_features,spotify:track:3OHfY25tqY28d16oZczHc8,https://api.spotify.com/v1/tracks/3OHfY25tqY28d16oZczHc8,https://api.spotify.com/v1/audio-analysis/3OHfY25tqY28d16oZczHc8,153947.0,4.0
0J1YRLYhTG1MBosjidD7OI,Good Good,USHER,0.753,0.669,7.0,-4.914,0.0,0.104,0.0378,0.0,0.122,0.584,140.948,audio_features,spotify:track:0J1YRLYhTG1MBosjidD7OI,https://api.spotify.com/v1/tracks/0J1YRLYhTG1MBosjidD7OI,https://api.spotify.com/v1/audio-analysis/0J1YRLYhTG1MBosjidD7OI,247469.0,4.0
2gT2iF1YK5r54A2PDEXVv8,Pretty Little Poison,Warren Zeiders,0.518,0.557,1.0,-4.839,1.0,0.0332,0.0258,2.46e-06,0.156,0.216,111.865,audio_features,spotify:track:2gT2iF1YK5r54A2PDEXVv8,https://api.spotify.com/v1/tracks/2gT2iF1YK5r54A2PDEXVv8,https://api.spotify.com/v1/audio-analysis/2gT2iF1YK5r54A2PDEXVv8,218160.0,3.0
0R6NfOiLzLj4O5VbYSJAjf,La Diabla,Xavi,0.751,0.819,11.0,-4.372,0.0,0.0409,0.255,0.0,0.236,0.697,131.842,audio_features,spotify:track:0R6NfOiLzLj4O5VbYSJAjf,https://api.spotify.com/v1/tracks/0R6NfOiLzLj4O5VbYSJAjf,https://api.spotify.com/v1/audio-analysis/0R6NfOiLzLj4O5VbYSJAjf,172264.0,3.0
1o8Z7GD1CeOaVBEyuzu4HO,On My Mama,Victoria Monét,0.481,0.539,4.0,-7.865,0.0,0.108,0.551,0.00539,0.12,0.621,153.277,audio_features,spotify:track:1o8Z7GD1CeOaVBEyuzu4HO,https://api.spotify.com/v1/tracks/1o8Z7GD1CeOaVBEyuzu4HO,https://api.spotify.com/v1/audio-analysis/1o8Z7GD1CeOaVBEyuzu4HO,186678.0,4.0
73NzYbpaYvQ7JfpjztFESL,TRUCK BED,HARDY,0.662,0.77,0.0,-4.887,1.0,0.0367,0.0875,0.0,0.35,0.769,132.057,audio_features,spotify:track:73NzYbpaYvQ7JfpjztFESL,https://api.spotify.com/v1/tracks/73NzYbpaYvQ7JfpjztFESL,https://api.spotify.com/v1/audio-analysis/73NzYbpaYvQ7JfpjztFESL,167535.0,4.0
3vkCueOmm7xQDoJ17W1Pm3,My Love Mine All Mine,Mitski,0.504,0.308,9.0,-14.958,1.0,0.0321,0.868,0.135,0.158,0.121,113.95,audio_features,spotify:track:3vkCueOmm7xQDoJ17W1Pm3,https://api.spotify.com/v1/tracks/3vkCueOmm7xQDoJ17W1Pm3,https://api.spotify.com/v1/audio-analysis/3vkCueOmm7xQDoJ17W1Pm3,137773.0,4.0
7hZTywPKMdVjJzwdWu11BK,Save Me The Trouble,Dan + Shay,0.444,0.629,9.0,-4.435,1.0,0.0318,0.00544,0.0,0.271,0.376,134.931,audio_features,spotify:track:7hZTywPKMdVjJzwdWu11BK,https://api.spotify.com/v1/tracks/7hZTywPKMdVjJzwdWu11BK,https://api.spotify.com/v1/audio-analysis/7hZTywPKMdVjJzwdWu11BK,200347.0,3.0
0HD8mbiPjp3o94X3EaZp0o,exes,Tate McRae,0.838,0.569,5.0,-6.324,0.0,0.0621,0.152,0.000136,0.102,0.551,136.965,audio_features,spotify:track:0HD8mbiPjp3o94X3EaZp0o,https://api.spotify.com/v1/tracks/0HD8mbiPjp3o94X3EaZp0o,https://api.spotify.com/v1/audio-analysis/0HD8mbiPjp3o94X3EaZp0o,159400.0,4.0
6wsqVwoiVH2kde4k4KKAFU,I KNOW ?,Travis Scott,0.927,0.619,5.0,-4.441,0.0,0.0539,0.0186,0.0,0.104,0.817,117.995,audio_features,spotify:track:6wsqVwoiVH2kde4k4KKAFU,https://api.spotify.com/v1/tracks/6wsqVwoiVH2kde4k4KKAFU,https://api.spotify.com/v1/audio-analysis/6wsqVwoiVH2kde4k4KKAFU,211582.0,4.0
2kE2HFBFkJ0VMw3igxYohz,Wild Ones (feat. Jelly Roll),Jessie Murph,0.65,0.689,0.0,-3.543,1.0,0.0449,0.0878,0.0,0.172,0.294,136.03,audio_features,spotify:track:2kE2HFBFkJ0VMw3igxYohz,https://api.spotify.com/v1/tracks/2kE2HFBFkJ0VMw3igxYohz,https://api.spotify.com/v1/audio-analysis/2kE2HFBFkJ0VMw3igxYohz,142520.0,4.0
5mjYQaktjmjcMKcUIcqz4s,Strangers,Kenya Grace,0.628,0.523,11.0,-8.307,0.0,0.0946,0.701,0.00274,0.219,0.416,169.982,audio_features,spotify:track:5mjYQaktjmjcMKcUIcqz4s,https://api.spotify.com/v1/tracks/5mjYQaktjmjcMKcUIcqz4s,https://api.spotify.com/v1/audio-analysis/5mjYQaktjmjcMKcUIcqz4s,172965.0,4.0
4MjDJD8cW7iVeWInc2Bdyj,MONACO,Bad Bunny,0.787,0.621,4.0,-5.009,0.0,0.068,0.15,0.000402,0.58,0.13,139.056,audio_features,spotify:track:4MjDJD8cW7iVeWInc2Bdyj,https://api.spotify.com/v1/tracks/4MjDJD8cW7iVeWInc2Bdyj,https://api.spotify.com/v1/audio-analysis/4MjDJD8cW7iVeWInc2Bdyj,267194.0,4.0
1udwFobQ1JoOdWPQrp2b6u,Surround Sound (feat. 21 Savage & Baby Tate),JID,0.575,0.56,5.0,-7.302,1.0,0.478,0.173,0.0,0.257,0.471,75.956,audio_features,spotify:track:1udwFobQ1JoOdWPQrp2b6u,https://api.spotify.com/v1/tracks/1udwFobQ1JoOdWPQrp2b6u,https://api.spotify.com/v1/audio-analysis/1udwFobQ1JoOdWPQrp2b6u,229938.0,4.0
6UoKX6uLJwhsnyTp5k5StP,The Painter,Cody Johnson,0.512,0.709,2.0,-5.766,1.0,0.0329,0.0415,4.25e-06,0.107,0.261,97.981,audio_features,spotify:track:6UoKX6uLJwhsnyTp5k5StP,https://api.spotify.com/v1/tracks/6UoKX6uLJwhsnyTp5k5StP,https://api.spotify.com/v1/audio-analysis/6UoKX6uLJwhsnyTp5k5StP,211413.0,4.0
2gyxAWHebV7xPYVxqoi86f,get him back!,Olivia Rodrigo,0.546,0.846,5.0,-5.719,1.0,0.181,0.0135,0.0,0.607,0.74,162.043,audio_features,spotify:track:2gyxAWHebV7xPYVxqoi86f,https://api.spotify.com/v1/tracks/2gyxAWHebV7xPYVxqoi86f,https://api.spotify.com/v1/audio-analysis/2gyxAWHebV7xPYVxqoi86f,211141.0,4.0
6uTPdRrEDeH8Fyg5L5qmeU,Never Lose Me,Flo Milli,0.781,0.567,1.0,-7.857,1.0,0.0969,0.0504,0.0,0.0981,0.0743,121.964,audio_features,spotify:track:6uTPdRrEDeH8Fyg5L5qmeU,https://api.spotify.com/v1/tracks/6uTPdRrEDeH8Fyg5L5qmeU,https://api.spotify.com/v1/audio-analysis/6uTPdRrEDeH8Fyg5L5qmeU,125902.0,4.0
0caJ2wkqp4UmXBwdR2JvB5,Dial Drunk,Noah Kahan,0.693,0.595,8.0,-7.578,1.0,0.0311,0.0969,0.0,0.113,0.646,112.02,audio_features,spotify:track:0caJ2wkqp4UmXBwdR2JvB5,https://api.spotify.com/v1/tracks/0caJ2wkqp4UmXBwdR2JvB5,https://api.spotify.com/v1/audio-analysis/0caJ2wkqp4UmXBwdR2JvB5,213817.0,4.0
0eBFgRxyVSeuT4iyrbukdn,Where the Wild Things Are,Luke Combs,0.708,0.731,3.0,-4.872,1.0,0.0345,0.0189,4.47e-06,0.129,0.379,116.975,audio_features,spotify:track:0eBFgRxyVSeuT4iyrbukdn,https://api.spotify.com/v1/tracks/0eBFgRxyVSeuT4iyrbukdn,https://api.spotify.com/v1/audio-analysis/0eBFgRxyVSeuT4iyrbukdn,239533.0,4.0
5Se32hEA9raeboZerywxka,You Broke My Heart,Drake,0.465,0.7,10.0,-5.163,0.0,0.0893,0.203,0.0,0.299,0.276,120.854,audio_features,spotify:track:5Se32hEA9raeboZerywxka,https://api.spotify.com/v1/tracks/5Se32hEA9raeboZerywxka,https://api.spotify.com/v1/audio-analysis/5Se32hEA9raeboZerywxka,230709.0,4.0
2YSzYUF3jWqb9YP9VXmpjE,IDGAF (feat. Yeat),Drake,0.663,0.67,8.0,-8.399,1.0,0.271,0.0464,8.92e-05,0.205,0.138,136.952,audio_features,spotify:track:2YSzYUF3jWqb9YP9VXmpjE,https://api.spotify.com/v1/tracks/2YSzYUF3jWqb9YP9VXmpjE,https://api.spotify.com/v1/audio-analysis/2YSzYUF3jWqb9YP9VXmpjE,260111.0,4.0
6CvTEtGagmzQvkUzzyKR9k,HARLEY QUINN,Fuerza Regida,0.815,0.741,1.0,-6.04,1.0,0.0569,0.0277,0.0183,0.219,0.591,125.031,audio_features,spotify:track:6CvTEtGagmzQvkUzzyKR9k,https://api.spotify.com/v1/tracks/6CvTEtGagmzQvkUzzyKR9k,https://api.spotify.com/v1/audio-analysis/6CvTEtGagmzQvkUzzyKR9k,143327.0,4.0
09hVlIVHtEE1nLUv6YGZiW,Burn It Down,Parker McCollum,0.461,0.718,2.0,-5.627,1.0,0.0666,0.139,1.66e-05,0.0968,0.334,162.187,audio_features,spotify:track:09hVlIVHtEE1nLUv6YGZiW,https://api.spotify.com/v1/tracks/09hVlIVHtEE1nLUv6YGZiW,https://api.spotify.com/v1/audio-analysis/09hVlIVHtEE1nLUv6YGZiW,233869.0,4.0
05WVKTdZhlIMX4qqMLuo0f,BELLAKEO,Peso Pluma,0.72,0.88,9.0,-2.834,1.0,0.101,0.0562,0.06,0.153,0.463,180.011,audio_features,spotify:track:05WVKTdZhlIMX4qqMLuo0f,https://api.spotify.com/v1/tracks/05WVKTdZhlIMX4qqMLuo0f,https://api.spotify.com/v1/audio-analysis/05WVKTdZhlIMX4qqMLuo0f,197333.0,4.0
5XVdHRf4CAJ2Jm0uMIy5qY,La Víctima,Xavi,0.778,0.835,11.0,-3.598,0.0,0.0767,0.152,0.0,0.109,0.666,140.082,audio_features,spotify:track:5XVdHRf4CAJ2Jm0uMIy5qY,https://api.spotify.com/v1/tracks/5XVdHRf4CAJ2Jm0uMIy5qY,https://api.spotify.com/v1/audio-analysis/5XVdHRf4CAJ2Jm0uMIy5qY,156346.0,4.0
2Zo1PcszsT9WQ0ANntJbID,Feather,Sabrina Carpenter,0.787,0.686,6.0,-4.37,0.0,0.0339,0.0893,0.0,0.0927,0.836,123.51,audio_features,spotify:track:2Zo1PcszsT9WQ0ANntJbID,https://api.spotify.com/v1/tracks/2Zo1PcszsT9WQ0ANntJbID,https://api.spotify.com/v1/audio-analysis/2Zo1PcszsT9WQ0ANntJbID,185553.0,4.0
1xWkeSPhf3bZqHY7Ncz8vp,500lbs,Lil Tecca,0.731,0.667,7.0,-7.928,0.0,0.0815,0.134,0.0,0.114,0.485,123.042,audio_features,spotify:track:1xWkeSPhf3bZqHY7Ncz8vp,https://api.spotify.com/v1/tracks/1xWkeSPhf3bZqHY7Ncz8vp,https://api.spotify.com/v1/audio-analysis/1xWkeSPhf3bZqHY7Ncz8vp,144390.0,4.0
3XB5uhhlYSnkxpSihkNQwh,QLONA,KAROL G,0.842,0.756,7.0,-7.409,0.0,0.338,0.525,2.21e-06,0.0871,0.421,169.925,audio_features,spotify:track:3XB5uhhlYSnkxpSihkNQwh,https://api.spotify.com/v1/tracks/3XB5uhhlYSnkxpSihkNQwh,https://api.spotify.com/v1/audio-analysis/3XB5uhhlYSnkxpSihkNQwh,172798.0,4.0
2eGvz6O6tVnh9nKiitDEhZ,I Can Feel It,Kane Brown,0.529,0.866,3.0,-5.816,0.0,0.0452,0.00281,0.00526,0.0287,0.55,116.004,audio_features,spotify:track:2eGvz6O6tVnh9nKiitDEhZ,https://api.spotify.com/v1/tracks/2eGvz6O6tVnh9nKiitDEhZ,https://api.spotify.com/v1/audio-analysis/2eGvz6O6tVnh9nKiitDEhZ,163600.0,4.0
4pCbJC43j3gSqG6Fen6upD,Hey Driver (feat. The War and Treaty),Zach Bryan,0.583,0.351,0.0,-5.836,1.0,0.0306,0.494,0.0,0.368,0.462,79.014,audio_features,spotify:track:4pCbJC43j3gSqG6Fen6upD,https://api.spotify.com/v1/tracks/4pCbJC43j3gSqG6Fen6upD,https://api.spotify.com/v1/audio-analysis/4pCbJC43j3gSqG6Fen6upD,227467.0,4.0
3CWq0pAKKTWb0K4yiglDc4,You’re Losing Me (From The Vault),Taylor Swift,0.747,0.391,0.0,-13.767,1.0,0.052,0.529,0.003,0.111,0.195,102.984,audio_features,spotify:track:3CWq0pAKKTWb0K4yiglDc4,https://api.spotify.com/v1/tracks/3CWq0pAKKTWb0K4yiglDc4,https://api.spotify.com/v1/audio-analysis/3CWq0pAKKTWb0K4yiglDc4,277832.0,4.0
7rr3gguU3TcVnLZD9VzASE,Mind On You,George Birge,0.576,0.815,10.0,-3.999,0.0,0.0267,0.142,0.0,0.267,0.56,130.032,audio_features,spotify:track:7rr3gguU3TcVnLZD9VzASE,https://api.spotify.com/v1/tracks/7rr3gguU3TcVnLZD9VzASE,https://api.spotify.com/v1/audio-analysis/7rr3gguU3TcVnLZD9VzASE,177920.0,4.0
56xHMIfQPoe0prrSi3BGhf,Can’t Catch Me Now - from The Hunger Games: The Ballad of Songbirds & Snakes,Olivia Rodrigo,0.521,0.366,11.0,-7.698,0.0,0.034,0.838,4.11e-06,0.12,0.225,141.965,audio_features,spotify:track:56xHMIfQPoe0prrSi3BGhf,https://api.spotify.com/v1/tracks/56xHMIfQPoe0prrSi3BGhf,https://api.spotify.com/v1/audio-analysis/56xHMIfQPoe0prrSi3BGhf,205484.0,4.0
4l5w5qGInIhwfvpYmPIYdK,Different 'Round Here,Riley Green,0.457,0.725,1.0,-5.979,1.0,0.0318,8.66e-05,0.000126,0.13,0.318,141.936,audio_features,spotify:track:4l5w5qGInIhwfvpYmPIYdK,https://api.spotify.com/v1/tracks/4l5w5qGInIhwfvpYmPIYdK,https://api.spotify.com/v1/audio-analysis/4l5w5qGInIhwfvpYmPIYdK,174992.0,4.0
6fNCrsrdIcgVd2aZZ0nnz4,Según Quién,Maluma,0.909,0.762,9.0,-3.974,1.0,0.0643,0.434,0.0,0.0856,0.843,101.987,audio_features,spotify:track:6fNCrsrdIcgVd2aZZ0nnz4,https://api.spotify.com/v1/tracks/6fNCrsrdIcgVd2aZZ0nnz4,https://api.spotify.com/v1/audio-analysis/6fNCrsrdIcgVd2aZZ0nnz4,142335.0,3.0
73zawW1ttszLRgT9By826D,Man Made A Bar (feat. Eric Church),Morgan Wallen,0.498,0.764,4.0,-5.006,1.0,0.0309,0.123,3.07e-05,0.119,0.489,147.984,audio_features,spotify:track:73zawW1ttszLRgT9By826D,https://api.spotify.com/v1/tracks/73zawW1ttszLRgT9By826D,https://api.spotify.com/v1/audio-analysis/73zawW1ttszLRgT9By826D,191231.0,4.0
0O3U5iwTbiXCREMkvotJuN,EL AMOR DE SU VIDA,Grupo Frontera,0.616,0.834,9.0,-3.069,1.0,0.0664,0.06,0.0,0.338,0.746,151.701,audio_features,spotify:track:0O3U5iwTbiXCREMkvotJuN,https://api.spotify.com/v1/tracks/0O3U5iwTbiXCREMkvotJuN,https://api.spotify.com/v1/audio-analysis/0O3U5iwTbiXCREMkvotJuN,165848.0,4.0
6iiCzEd1ULpq7nXbZVQ4pi,Soak City (Do it),310babii,0.836,0.409,9.0,-14.189,1.0,0.188,0.258,4.92e-06,0.242,0.233,101.931,audio_features,spotify:track:6iiCzEd1ULpq7nXbZVQ4pi,https://api.spotify.com/v1/tracks/6iiCzEd1ULpq7nXbZVQ4pi,https://api.spotify.com/v1/audio-analysis/6iiCzEd1ULpq7nXbZVQ4pi,122321.0,4.0
7CyPwkp0oE8Ro9Dd5CUDjW,"One Of The Girls (with JENNIE, Lily Rose Depp)",The Weeknd,0.522,0.641,8.0,-6.287,1.0,0.0318,0.0545,0.0,0.162,0.202,87.51,audio_features,spotify:track:7CyPwkp0oE8Ro9Dd5CUDjW,https://api.spotify.com/v1/tracks/7CyPwkp0oE8Ro9Dd5CUDjW,https://api.spotify.com/v1/audio-analysis/7CyPwkp0oE8Ro9Dd5CUDjW,244685.0,4.0
2KslE17cAJNHTsI2MI0jb2,Standing Next to You,Jung Kook,0.711,0.809,2.0,-4.389,0.0,0.0955,0.0447,0.0,0.339,0.816,106.017,audio_features,spotify:track:2KslE17cAJNHTsI2MI0jb2,https://api.spotify.com/v1/tracks/2KslE17cAJNHTsI2MI0jb2,https://api.spotify.com/v1/audio-analysis/2KslE17cAJNHTsI2MI0jb2,206020.0,4.0
1ZpPaBDswjV3VSUKqLDXPE,23,Chayce Beckham,0.626,0.583,0.0,-7.346,0.0,0.0318,0.276,0.0,0.141,0.428,87.977,audio_features,spotify:track:1ZpPaBDswjV3VSUKqLDXPE,https://api.spotify.com/v1/tracks/1ZpPaBDswjV3VSUKqLDXPE,https://api.spotify.com/v1/audio-analysis/1ZpPaBDswjV3VSUKqLDXPE,228145.0,4.0
7iQXYTyuG13aoeHxGG28Nh,PERRO NEGRO,Bad Bunny,0.911,0.778,5.0,-2.248,1.0,0.262,0.0887,2.16e-05,0.179,0.345,96.057,audio_features,spotify:track:7iQXYTyuG13aoeHxGG28Nh,https://api.spotify.com/v1/tracks/7iQXYTyuG13aoeHxGG28Nh,https://api.spotify.com/v1/audio-analysis/7iQXYTyuG13aoeHxGG28Nh,162768.0,4.0
2dPwBKr5uJeCeyd5IoWi8W,We Don't Fight Anymore,Carly Pearce,0.619,0.564,4.0,-6.517,1.0,0.0302,0.673,0.0,0.184,0.419,129.944,audio_features,spotify:track:2dPwBKr5uJeCeyd5IoWi8W,https://api.spotify.com/v1/tracks/2dPwBKr5uJeCeyd5IoWi8W,https://api.spotify.com/v1/audio-analysis/2dPwBKr5uJeCeyd5IoWi8W,220146.0,4.0
6uIIdjYTxxpWOyWuVXrKQO,Que Onda,Calle 24,0.808,0.944,10.0,-4.863,0.0,0.0408,0.183,1.11e-06,0.138,0.937,124.934,audio_features,spotify:track:6uIIdjYTxxpWOyWuVXrKQO,https://api.spotify.com/v1/tracks/6uIIdjYTxxpWOyWuVXrKQO,https://api.spotify.com/v1/audio-analysis/6uIIdjYTxxpWOyWuVXrKQO,191467.0,3.0
0OWhKvvsHptt6vnnNUSM9a,Oklahoma Smokeshow,Zach Bryan,0.544,0.573,8.0,-5.694,1.0,0.0356,0.0958,0.0,0.104,0.233,122.977,audio_features,spotify:track:0OWhKvvsHptt6vnnNUSM9a,https://api.spotify.com/v1/tracks/0OWhKvvsHptt6vnnNUSM9a,https://api.spotify.com/v1/audio-analysis/0OWhKvvsHptt6vnnNUSM9a,211739.0,4.0
158mZIMC4X58ZJK4fJfH1b,Wondering Why,The Red Clay Strays,0.524,0.209,4.0,-12.437,1.0,0.0405,0.85,0.0,0.173,0.347,148.59,audio_features,spotify:track:158mZIMC4X58ZJK4fJfH1b,https://api.spotify.com/v1/tracks/158mZIMC4X58ZJK4fJfH1b,https://api.spotify.com/v1/audio-analysis/158mZIMC4X58ZJK4fJfH1b,232918.0,3.0
1nQaTUDJ7Rc4yOvZmg9Ozr,Mmhmm,BigXthaPlug,0.93,0.682,9.0,-8.799,1.0,0.331,0.028,0.0,0.129,0.962,126.003,audio_features,spotify:track:1nQaTUDJ7Rc4yOvZmg9Ozr,https://api.spotify.com/v1/tracks/1nQaTUDJ7Rc4yOvZmg9Ozr,https://api.spotify.com/v1/audio-analysis/1nQaTUDJ7Rc4yOvZmg9Ozr,119016.0,4.0
4M68xjcc42oxyphhzpOWXS,Great Gatsby,Rod Wave,0.67,0.555,1.0,-9.12,0.0,0.0908,0.0382,6.36e-06,0.414,0.16,156.937,audio_features,spotify:track:4M68xjcc42oxyphhzpOWXS,https://api.spotify.com/v1/tracks/4M68xjcc42oxyphhzpOWXS,https://api.spotify.com/v1/audio-analysis/4M68xjcc42oxyphhzpOWXS,146808.0,4.0
42VsgItocQwOQC3XWZ8JNA,FE!N (feat. Playboi Carti),Travis Scott,0.569,0.882,3.0,-2.777,0.0,0.06,0.0316,0.0,0.142,0.201,148.038,audio_features,spotify:track:42VsgItocQwOQC3XWZ8JNA,https://api.spotify.com/v1/tracks/42VsgItocQwOQC3XWZ8JNA,https://api.spotify.com/v1/audio-analysis/42VsgItocQwOQC3XWZ8JNA,191701.0,4.0
3IX0yuEVvDbnqUwMBB3ouC,bad idea right?,Olivia Rodrigo,0.627,0.879,9.0,-3.446,1.0,0.0955,0.00193,6.87e-06,0.0647,0.748,129.979,audio_features,spotify:track:3IX0yuEVvDbnqUwMBB3ouC,https://api.spotify.com/v1/tracks/3IX0yuEVvDbnqUwMBB3ouC,https://api.spotify.com/v1/audio-analysis/3IX0yuEVvDbnqUwMBB3ouC,184784.0,4.0
2OWv3lRR8PtOVuHWzQNRs2,Rompe La Dompe,Peso Pluma,0.757,0.642,2.0,-7.966,0.0,0.0369,0.607,0.0355,0.169,0.759,130.098,audio_features,spotify:track:2OWv3lRR8PtOVuHWzQNRs2,https://api.spotify.com/v1/tracks/2OWv3lRR8PtOVuHWzQNRs2,https://api.spotify.com/v1/audio-analysis/2OWv3lRR8PtOVuHWzQNRs2,165635.0,3.0
0NpesW87qtkiKNoB7W4yFk,Can't Have Mine (Find You A Girl),Dylan Scott,0.663,0.502,5.0,-7.07,1.0,0.0285,0.791,0.0,0.105,0.371,143.969,audio_features,spotify:track:0NpesW87qtkiKNoB7W4yFk,https://api.spotify.com/v1/tracks/0NpesW87qtkiKNoB7W4yFk,https://api.spotify.com/v1/audio-analysis/0NpesW87qtkiKNoB7W4yFk,183087.0,4.0
4I4G0LD277PWvfblYtSf91,Needle (feat. Drake),Nicki Minaj,0.807,0.593,7.0,-7.304,1.0,0.104,0.316,0.00083,0.137,0.323,110.001,audio_features,spotify:track:4I4G0LD277PWvfblYtSf91,https://api.spotify.com/v1/tracks/4I4G0LD277PWvfblYtSf91,https://api.spotify.com/v1/audio-analysis/4I4G0LD277PWvfblYtSf91,235689.0,4.0
3eP13S8D5m2cweMEg3ZDed,Virginia Beach,Drake,0.402,0.514,1.0,-7.322,0.0,0.0471,0.106,0.0,0.181,0.2,120.009,audio_features,spotify:track:3eP13S8D5m2cweMEg3ZDed,https://api.spotify.com/v1/tracks/3eP13S8D5m2cweMEg3ZDed,https://api.spotify.com/v1/audio-analysis/3eP13S8D5m2cweMEg3ZDed,251095.0,4.0
78Du4CMFgnhdlG33gblkiP,Rich Men North of Richmond,Oliver Anthony Music,0.678,0.264,10.0,-12.384,1.0,0.0622,0.753,0.0,0.302,0.528,121.722,audio_features,spotify:track:78Du4CMFgnhdlG33gblkiP,https://api.spotify.com/v1/tracks/78Du4CMFgnhdlG33gblkiP,https://api.spotify.com/v1/audio-analysis/78Du4CMFgnhdlG33gblkiP,187244.0,4.0
4oEf84vBYVftf6KmZexhVo,Northern Attitude (with Hozier),Noah Kahan,0.486,0.64,3.0,-8.027,1.0,0.0551,0.136,7.58e-05,0.105,0.289,122.017,audio_features,spotify:track:4oEf84vBYVftf6KmZexhVo,https://api.spotify.com/v1/tracks/4oEf84vBYVftf6KmZexhVo,https://api.spotify.com/v1/audio-analysis/4oEf84vBYVftf6KmZexhVo,267256.0,4.0
5KD6AEm19QnMbfWpfoOHMl,Now That We Don't Talk (Taylor's Version) (From The Vault),Taylor Swift,0.793,0.512,0.0,-9.319,1.0,0.0338,0.186,3.81e-05,0.0889,0.0662,109.994,audio_features,spotify:track:5KD6AEm19QnMbfWpfoOHMl,https://api.spotify.com/v1/tracks/5KD6AEm19QnMbfWpfoOHMl,https://api.spotify.com/v1/audio-analysis/5KD6AEm19QnMbfWpfoOHMl,146437.0,4.0
4qmG24ebshLXtKu9HIShBP,Lace It (with Eminem & benny blanco),Juice WRLD,0.773,0.597,2.0,-7.138,1.0,0.309,0.194,0.0,0.22,0.305,160.101,audio_features,spotify:track:4qmG24ebshLXtKu9HIShBP,https://api.spotify.com/v1/tracks/4qmG24ebshLXtKu9HIShBP,https://api.spotify.com/v1/audio-analysis/4qmG24ebshLXtKu9HIShBP,217527.0,4.0
54zcJnb3tp9c5OVKREZ1Is,MI EX TENÍA RAZÓN,KAROL G,0.634,0.725,5.0,-4.945,0.0,0.0587,0.0776,0.0,0.211,0.795,159.845,audio_features,spotify:track:54zcJnb3tp9c5OVKREZ1Is,https://api.spotify.com/v1/tracks/54zcJnb3tp9c5OVKREZ1Is,https://api.spotify.com/v1/audio-analysis/54zcJnb3tp9c5OVKREZ1Is,154375.0,4.0
51hyZpbJlIgZIaX3TtMxmu,run for the hills,Tate McRae,0.544,0.831,8.0,-3.578,1.0,0.0941,0.543,0.0,0.118,0.233,130.005,audio_features,spotify:track:51hyZpbJlIgZIaX3TtMxmu,https://api.spotify.com/v1/tracks/51hyZpbJlIgZIaX3TtMxmu,https://api.spotify.com/v1/audio-analysis/51hyZpbJlIgZIaX3TtMxmu,143940.0,4.0
3RaCGXCiiMufRPoexXxGkV,Slime You Out (feat. SZA),Drake,0.483,0.408,5.0,-9.243,0.0,0.0502,0.508,0.0,0.259,0.105,88.88,audio_features,spotify:track:3RaCGXCiiMufRPoexXxGkV,https://api.spotify.com/v1/tracks/3RaCGXCiiMufRPoexXxGkV,https://api.spotify.com/v1/audio-analysis/3RaCGXCiiMufRPoexXxGkV,310491.0,3.0
7ELtAKka2YiZRclp70wZ6F,Better Place (Family Harmony),Justin Timberlake,0.456,0.459,4.0,-8.16,0.0,0.0811,0.475,0.0,0.0861,0.211,116.049,audio_features,spotify:track:7ELtAKka2YiZRclp70wZ6F,https://api.spotify.com/v1/tracks/7ELtAKka2YiZRclp70wZ6F,https://api.spotify.com/v1/audio-analysis/7ELtAKka2YiZRclp70wZ6F,116293.0,4.0
5jfhLCSIFUO4ndzNRh4w4G,"Burn, Burn, Burn",Zach Bryan,0.508,0.296,3.0,-10.513,1.0,0.0755,0.897,5e-05,0.11,0.134,82.532,audio_features,spotify:track:5jfhLCSIFUO4ndzNRh4w4G,https://api.spotify.com/v1/tracks/5jfhLCSIFUO4ndzNRh4w4G,https://api.spotify.com/v1/audio-analysis/5jfhLCSIFUO4ndzNRh4w4G,268856.0,4.0
4kjI1gwQZRKNDkw1nI475M,MY EYES,Travis Scott,0.455,0.621,0.0,-7.694,0.0,0.0517,0.651,2.59e-06,0.123,0.28,119.043,audio_features,spotify:track:4kjI1gwQZRKNDkw1nI475M,https://api.spotify.com/v1/tracks/4kjI1gwQZRKNDkw1nI475M,https://api.spotify.com/v1/audio-analysis/4kjI1gwQZRKNDkw1nI475M,251250.0,4.0
3kfhS2L56Wj8fBcu7xE47H,Turks & Caicos (feat. 21 Savage),Rod Wave,0.544,0.496,0.0,-12.032,1.0,0.21,0.13,0.0,0.166,0.314,103.148,audio_features,spotify:track:3kfhS2L56Wj8fBcu7xE47H,https://api.spotify.com/v1/tracks/3kfhS2L56Wj8fBcu7xE47H,https://api.spotify.com/v1/audio-analysis/3kfhS2L56Wj8fBcu7xE47H,203442.0,5.0
3EvZ03hGAFwGZ2Ebcu86YH,Tourniquet,Zach Bryan,0.593,0.397,6.0,-8.309,1.0,0.0329,0.684,7.44e-06,0.0982,0.32,76.703,audio_features,spotify:track:3EvZ03hGAFwGZ2Ebcu86YH,https://api.spotify.com/v1/tracks/3EvZ03hGAFwGZ2Ebcu86YH,https://api.spotify.com/v1/audio-analysis/3EvZ03hGAFwGZ2Ebcu86YH,189053.0,4.0
6RcAHyC5sAUIbPTkhOQwd8,Y LLORO,Junior H,0.728,0.589,7.0,-7.115,1.0,0.0376,0.424,7.78e-06,0.166,0.767,77.475,audio_features,spotify:track:6RcAHyC5sAUIbPTkhOQwd8,https://api.spotify.com/v1/tracks/6RcAHyC5sAUIbPTkhOQwd8,https://api.spotify.com/v1/audio-analysis/6RcAHyC5sAUIbPTkhOQwd8,179013.0,4.0
4tKGFmENO69tZR9ahgZu48,Murder On The Dancefloor,Sophie Ellis-Bextor,0.73,0.849,1.0,-5.281,0.0,0.0299,0.00234,2.6e-05,0.312,0.887,117.31,audio_features,spotify:track:4tKGFmENO69tZR9ahgZu48,https://api.spotify.com/v1/tracks/4tKGFmENO69tZR9ahgZu48,https://api.spotify.com/v1/audio-analysis/4tKGFmENO69tZR9ahgZu48,230013.0,4.0
505v13epFXodT9fVAJ6h8k,AMARGURA,KAROL G,0.92,0.696,6.0,-3.356,0.0,0.0742,0.183,0.0,0.149,0.545,106.966,audio_features,spotify:track:505v13epFXodT9fVAJ6h8k,https://api.spotify.com/v1/tracks/505v13epFXodT9fVAJ6h8k,https://api.spotify.com/v1/audio-analysis/505v13epFXodT9fVAJ6h8k,170480.0,4.0
6d3QUBsiAw3aZI6F2mMhzk,Wildflowers and Wild Horses (Single Version),Lainey Wilson,0.442,0.644,10.0,-5.787,0.0,0.0378,0.347,1.73e-06,0.128,0.34,117.379,audio_features,spotify:track:6d3QUBsiAw3aZI6F2mMhzk,https://api.spotify.com/v1/tracks/6d3QUBsiAw3aZI6F2mMhzk,https://api.spotify.com/v1/audio-analysis/6d3QUBsiAw3aZI6F2mMhzk,216573.0,4.0
